GyroX_mean,GyroX_std,GyroX_max,GyroX_min,GyroX_skew,GyroX_kurtosis,GyroY_mean,GyroY_std,GyroY_max,GyroY_min,GyroY_skew,GyroY_kurtosis,GyroZ_mean,GyroZ_std,GyroZ_max,GyroZ_min,GyroZ_skew,GyroZ_kurtosis,AccX_mean,AccX_std,AccX_max,AccX_min,AccX_skew,AccX_kurtosis,AccY_mean,AccY_std,AccY_max,AccY_min,AccY_skew,AccY_kurtosis,AccZ_mean,AccZ_std,AccZ_max,AccZ_min,AccZ_skew,AccZ_kurtosis,Target
-0.2669029443571429,1.8003217149527928,3.351145038,-5.694656489,-0.6651342612559762,1.808547844524405,4.499182115678571,2.144778406298866,9.213740458,0.404580153,0.5551064537418984,0.31451953859132464,0.2971646673571429,1.0828079337664145,1.946564885,-2.221374046,-0.611456815496578,-0.31188119218654187,0.3323189872142857,0.1502370788072923,0.643554688,0.079101563,0.19516612914522558,-0.9685315572576956,-0.15351213739285716,0.07219402608345461,-0.005371094,-0.297363281,-0.2034957731076199,-0.753938502662149,-0.9558279855357145,0.06900148889249785,-0.808349609,-1.069580078,0.4443776912375041,-0.6020142808594393,1
-0.5455288986071428,2.115603794294174,2.618320611,-5.694656489,-0.7412302923059122,0.07905568417385922,4.941384951000001,2.5907673825730986,10.65648855,0.404580153,0.26218686827280724,-0.3295654603900018,0.5359869137857144,1.1405611412646237,1.946564885,-2.465648855,-0.9887515539343311,0.19652515917788982,0.3635341099999999,0.15295625363239942,0.643554688,0.079101563,-0.15842618442353407,-1.0750947776389272,-0.15014648449999998,0.09700347871430626,0.080566406,-0.375244141,-0.02610913703258813,0.10474942213896599,-0.9607805525,0.09278764740804839,-0.808349609,-1.126220703,0.18399292843787213,-0.8848455277248801,1
-0.3882224644285714,2.783812477697238,10.15267176,-4.946564885,1.6954476539464824,5.602655399583744,4.953380588928572,2.8481829924213393,10.65648855,-2.801526718,-0.33920246133010873,0.8959257792756539,0.20965103596428564,1.2146878092823057,1.93129771,-2.465648855,-0.8041916158730906,-0.5915471091883622,0.3502197265714285,0.1528761455095354,0.608398438,0.133789063,0.02831080542316931,-1.4297697230510296,-0.14382498617857142,0.09366972366981316,0.080566406,-0.375244141,-0.21206168172664683,0.3272927939609245,-0.9856218610357143,0.10406797484979775,-0.778076172,-1.215820313,0.08330904335491819,-0.2578884433517472,1
-0.46892039253571427,3.0662928532165825,10.15267176,-5.442748092,1.2797176621805215,3.3610851707566063,4.73500545275,3.2043419470734245,11.49618321,-2.801526718,-0.16786214910907732,0.07716019228017723,0.10687022896428575,1.3461145009891065,3.702290076,-2.190839695,0.12773434558725083,0.18486802411182124,0.3534197126785715,0.14738401848779584,0.608398438,0.133789063,0.00823993543702613,-1.3672084634863715,-0.14469691696428572,0.07798732504932339,-0.033203125,-0.325195313,-0.5435441473332013,-0.6153309410825378,-1.0152064732500001,0.12566627067681035,-0.778076172,-1.280517578,-0.34622851408187183,-0.3178121119744741,1
-1.3056161396785715,2.6645320028334725,3.458015267,-7.374045802,-0.32370082118816834,-0.4343933201716559,5.351145038214286,3.0872750223355636,11.57251908,-0.229007634,0.15890760637296997,-0.38973423453322154,1.0253544165714288,1.8763564824233765,5.786259542,-2.190839695,0.8757340999394627,0.738016671677804,0.33795166025,0.15099887499145923,0.555175781,0.103759766,-0.1718554099515746,-1.4442738327863953,-0.14424351292857143,0.07967617142340432,-0.033203125,-0.325195313,-0.471238234414242,-0.7416659862669794,-1.018284389035714,0.11777912765702261,-0.826416016,-1.280517578,-0.5532385673370436,-0.208079296520165,1
-1.431570338107143,2.806065893331062,3.900763359,-8.167938931,-0.4770086566644929,0.2266301829341204,4.894492911535714,2.9792899541015214,11.57251908,-3.549618321,-0.3652065305941718,1.1523009682796852,1.6733914941071426,1.7106244741116101,5.786259542,-0.351145038,1.0834133870265865,0.09680343831856053,0.31256975453571434,0.17371796855764818,0.605712891,0.035644531,0.17070612817929012,-1.3536020437103093,-0.13922119142857142,0.0874242804458043,0.054443359,-0.323486328,0.10829075622321584,-0.3440113010108097,-0.9953700474999999,0.09349157437515808,-0.810302734,-1.184082031,-0.09190994142439937,-0.14211799038998096,1
-0.9332061069642856,3.0613952116426395,4.732824427,-8.167938931,-0.2897610824232754,-0.1078904336889277,4.049618320678572,2.5554409802915363,7.580152672,-3.549618321,-1.224339985958006,1.7873627951694298,1.6210468921071428,1.6484258626671837,7.335877863,-0.282442748,1.814057691413041,3.6092886826761843,0.30351039353571435,0.17347421627570445,0.605712891,0.035644531,0.22213405234417127,-1.2646647201722439,-0.13080705914285715,0.08837074671256924,0.054443359,-0.323486328,0.0931311614576257,-0.4653507611739536,-1.00126429975,0.10207148239941068,-0.810302734,-1.293945313,-0.6285624723201172,0.9926596871145197,1
-0.4844601964999999,4.1076208451805325,7.290076336,-11.66412214,-0.4368456675148488,0.7292213503536922,5.079334787428571,3.483124023605026,13.5648855,-2.061068702,0.5601623292597,0.8285035093503503,1.4959105779642858,1.5879595310939378,7.335877863,-0.595419847,1.9946987715261877,4.921367068885086,0.2860543388928571,0.16657774002203637,0.557128906,-0.017333984,0.14868243037799952,-1.1688336860294628,-0.09879847935714285,0.0945223338844534,0.163574219,-0.262695313,0.688408697704602,0.6898732013665385,-0.9767717634642856,0.1133276155243128,-0.630615234,-1.293945313,0.20007803688921014,3.041939093936933,1
-0.5278080699285713,3.804327231286252,7.290076336,-11.66412214,-0.3033493808743549,1.7450428620518412,5.152944383785716,3.619928020481467,13.5648855,-0.038167939,0.7454637387597993,0.09620171271225253,1.75845147225,1.7706696574042953,7.549618321,-0.595419847,1.454420126015039,2.234357887932248,0.3173043388214286,0.16716313653879364,0.557128906,-0.017333984,-0.20867121839155683,-1.2150585521837487,-0.10185023707142857,0.10374377684056042,0.163574219,-0.262695313,0.7839184124906208,0.15405920406134355,-0.9797886440357143,0.12859949940538612,-0.630615234,-1.359863281,-0.4124399480110212,2.787971064590221,1
-0.9119411122500002,2.278886508110998,5.351145038,-5.557251908,0.4094572427673103,0.7217823401676102,3.982824427357142,2.602111502486853,11.09160305,-1.267175573,0.490825508216695,0.4579080477868027,1.2508178844285713,2.3117901075977816,7.549618321,-6.160305344,-0.337045321304232,3.5670096737421977,0.2848336356785714,0.1675572977294101,0.525390625,0.011474609,0.10509643053002296,-1.5277011952959594,-0.11888776499999999,0.07433708180246715,0.077148438,-0.235595703,0.8101660690597543,0.8701541715803462,-1.0281546457142858,0.12246080219237122,-0.831298828,-1.359863281,-0.7938444285625188,0.8411842378547232,1
-0.2990730642857143,2.417581389799034,6.58778626,-5.557251908,0.3091366032429389,1.1839743022756481,4.260087240964285,2.220333672241893,9.030534351,-1.267175573,-0.13283993960427165,0.11372933157280674,0.1363140676071428,1.921179373555674,3.717557252,-6.160305344,-1.396074083244194,2.675119695796589,0.26342773446428575,0.15055633262823248,0.503662109,0.011474609,0.20602466862384566,-1.3324002665728898,-0.13139997214285715,0.05337476163915636,0.004394531,-0.233154297,0.06269701061482139,-0.025565311673598323,-1.0236816407142857,0.10260251089113623,-0.810302734,-1.278320313,-0.1334550225864939,0.39690840110214776,1
-0.07797164674999998,2.917569100349065,7.34351145,-5.053435115,0.6936469740129243,0.7498419442411262,4.191657578928572,3.2031600136387732,13.39694656,-3.34351145,0.30275163935706445,1.8096418703597497,-0.14013086146428572,2.3522877922493612,3.763358779,-8.351145038,-1.507222223488266,3.3959522930654327,0.31065150675000003,0.15746693087986727,0.548583984,-0.078857422,-0.448602734974048,-0.5312134508459461,-0.1433018275714286,0.07150181022941147,0.002685547,-0.342773438,-0.6385455904920415,0.6566987973540379,-1.011727469392857,0.08728308357841404,-0.810302734,-1.171875,0.2251147423775529,-0.019931446186598034,1
-0.9836423119285714,3.6864382121637624,7.34351145,-11.48091603,-0.4848620267145144,1.424901857454553,3.328516902821428,3.3071869038073873,13.39694656,-3.34351145,0.6397093797020167,1.7737729921496772,0.2344601963214285,2.208273065919466,3.763358779,-8.351145038,-2.0748599388640887,6.343503182006575,0.2806919642857143,0.16451121146697165,0.548583984,-0.078857422,0.03496631527396163,-0.8381728417232663,-0.11826869410714284,0.08871508877613943,0.017822266,-0.342773438,-0.8254028899253231,0.19312297166331582,-0.9607020786428571,0.13381723377080187,-0.456787109,-1.121826172,2.159568963415813,5.462389691996432,1
-1.1772082878214285,3.9513441847345216,5.061068702,-11.48091603,-0.8177387756948155,0.6326534859138317,3.6101417667142854,3.145062137219897,12.22137405,-1.694656489,0.34300809882099276,0.4458054543164027,1.1000545258214285,3.295263532692798,13.67175573,-4.923664122,1.6794466112633912,6.106633629298983,0.20676967071428567,0.14901987883259732,0.516601563,-0.032470703,0.72627817278127,0.0469909595425575,-0.058201381142857146,0.10175369267140862,0.188476563,-0.305908203,0.1378577920128693,0.8623908528780242,-0.9357648575714287,0.1457639459517646,-0.456787109,-1.197753906,1.2487539968215464,2.4858647382276198,1
-0.9741003270714288,4.06668231127731,5.061068702,-14.64885496,-1.5860430455590506,3.255501141476797,3.704743729607143,3.5192584786561585,12.22137405,-1.694656489,0.39449038444590095,-0.3068186654084486,1.3917666304642857,3.3230305557095994,13.67175573,-4.923664122,1.4352868998024821,5.302791028459049,0.20233154292857145,0.20021192552123213,0.546630859,-0.201904297,0.08729562676919259,-0.8426785320895731,-0.04886300232142858,0.09273237464322606,0.188476563,-0.149169922,1.134411938432611,0.42679385341831866,-0.9574584960714285,0.13165564958698683,-0.744628906,-1.285888672,-0.646334990548802,-0.12025184811032608,1
-0.5962377316428571,3.8404561068057106,8.267175573,-14.64885496,-1.3983714753598269,5.289965040869928,4.022082878785715,3.169726640852855,11.19083969,-1.641221374,0.3116173318640184,-0.44450838242332624,1.037077426357143,1.2770253832189398,4.946564885,-1.282442748,1.1767881556018345,1.983786901959105,0.32675606867857143,0.2230164719584674,0.638916016,-0.201904297,-0.6537675944431406,-0.41828059164516684,-0.10826764792857144,0.07891856586217655,0.136474609,-0.266357422,0.6102781166756835,1.926270555313077,-0.9462890625357143,0.13232939042833733,-0.675048828,-1.285888672,-0.6402920811204539,0.41063247918407564,1
-0.7775354416071428,3.6570694272220527,8.267175573,-8.221374046,0.03794436002213182,0.09520379187203343,4.465103598571428,2.893886412518879,11.19083969,-0.465648855,0.055916195661701404,-0.41225462821233627,1.0485278080357143,1.139709046956116,3.885496183,-1.282442748,0.590026194727085,0.32005354925432217,0.3776506697857143,0.19218196192136272,0.638916016,-0.020263672,-0.5166978676216148,-0.6855020620995469,-0.1344953265,0.07540397350546485,-0.024658203,-0.313232422,-0.5474167075044636,-0.536094629869559,-0.9610857282142857,0.13680241909582902,-0.675048828,-1.218505859,-0.017959633900816858,-0.6071692892562144,1
-0.8026172300357141,3.665623640628135,7.229007634,-8.221374046,0.21744884405367457,0.0762984629753336,3.805070883214286,2.7847649424797285,8.93129771,-1.442748092,-0.1377540993442109,-0.805961941003086,-1.8808615049642852,10.618822195897213,5.458015267,-39.42748092,-2.7205048764066424,6.176538902481177,0.24894496382142858,0.19799754018247578,0.629394531,-0.151855469,0.18177729701047066,-0.6472499280549431,-0.14706856875,0.13770694098666794,0.0078125,-0.661132813,-2.214777785949409,5.536345687529723,-0.9847760881785714,0.11777691370687954,-0.760986328,-1.219482422,-0.23331183307882508,-0.38205907306928877,1
0.18429661946428572,3.0917400252303535,7.229007634,-4.190839695,0.709664493331727,-0.20160329279274958,3.5875136312857134,2.6598713688683633,8.244274809,-1.442748092,-0.3675249639232966,-0.5129046548498168,-5.329607415464285,14.511161786754977,5.755725191,-41.34351145,-1.5268367422176385,0.7435808396469974,0.18442208424999998,0.13857996294107364,0.39453125,-0.151855469,-0.8400809493615609,0.2931989792924248,-0.17563302196428568,0.1798101101518738,0.0078125,-0.661132813,-1.4956978007809776,1.0302711123750248,-0.974853515642857,0.08849847281324108,-0.816894531,-1.219482422,-0.6993058626677408,0.7523548753418408,2
0.2456379498928571,2.9475579587817218,5.572519084,-7.122137405,-0.2923930252581759,0.09047794812990428,3.952290076392857,2.7873965055487164,10.24427481,-1.557251908,-0.1675174124890003,-0.06567398038690175,-5.418756816071428,14.667407951539897,5.755725191,-41.34351145,-1.461576991140059,0.4692327248815942,0.20940290178571427,0.16208958518751124,0.448486328,-0.178466797,-0.8513055722506884,0.08720215670649178,-0.1820417132857143,0.16767047502096227,0.006347656,-0.579345703,-1.3774958418100613,0.6114975276959487,-0.9682442801785714,0.07660276914788755,-0.816894531,-1.138427734,0.21112098152646092,-0.13617241527967572,2
0.13822246439285726,4.240697199597363,12.77862595,-7.541984733,0.7450178440327987,1.5013424220530682,3.3934023992142857,3.8004112543524022,10.24427481,-5.908396947,-0.45774445374499795,0.0545395570128715,-5.955834242607142,14.885772579281923,5.603053435,-43.11450382,-1.405350883865317,0.3726932922074493,0.19398716525,0.17131495102459884,0.448486328,-0.178466797,-0.6980115943115777,-0.46010319558002655,-0.19698660714285715,0.1744305837522951,0.090820313,-0.579345703,-0.982117721526627,0.08383488780581905,-0.9681483678214285,0.08509266203448068,-0.834716797,-1.244140625,-0.9807703014418211,2.2467184139520073,2
0.04934569214285706,4.582492796718523,12.77862595,-10.73282443,0.4041580910043045,1.416288921156208,3.420119956428571,3.767432856650686,9.809160305,-5.908396947,-0.5879600707876609,-0.0059051880586680205,-8.106870229142858,16.318765197466114,5.572519084,-43.11450382,-1.1679837936292392,-0.30792064481326253,0.1717616491071428,0.1616778708046071,0.353027344,-0.147216797,-0.6784262869126023,-0.8060696679880346,-0.21353585371428568,0.190195456108172,0.090820313,-0.638427734,-0.9391654796016563,-0.22957657070316762,-0.983189174142857,0.09524022163616734,-0.834716797,-1.244140625,-0.7960628563431714,0.3642588758817924,2
0.18375136299999992,4.0305241394500415,8.122137405,-10.73282443,-0.00513734879678671,0.7955887234641685,4.164122137571429,3.3716779446922884,10.35877863,-1.885496183,-0.05784095532941627,-0.82795564623695,-8.80207197367857,16.056064182453166,4.389312977,-40.60305344,-1.0003467362357554,-0.6765863271921808,0.14722551625,0.17930985335966015,0.392333984,-0.201416016,-0.339045500797214,-1.1879313505617342,-0.2189767019642857,0.197737874296327,-0.052490234,-0.669189453,-1.1845460088894155,-0.14097752041087697,-0.9817156111071428,0.09941120902769959,-0.774414063,-1.161132813,0.14690844712444007,-0.36064888394757855,2
1.115049073,4.027895749024431,10.64885496,-5.251908397,0.4468713701818813,-0.3360491860525463,3.4664667396785718,4.315804848370354,10.42748092,-7.160305344,-0.2618667932569695,-0.29327694104530266,-8.459378407428572,14.799751309155496,5.824427481,-44.89312977,-1.04266129074988,-0.2602409709983684,0.138671875,0.19316276608113153,0.450439453,-0.201416016,-0.055423857806298216,-1.2287311419669371,-0.22730364124999997,0.1912058371826724,-0.061035156,-0.669189453,-1.1742969494869206,0.005778086012495187,-0.9720458984642857,0.11386843883385572,-0.774414063,-1.291992188,-0.5757378310009382,0.7088623299068155,2
0.05670665192857132,4.527468852969617,10.64885496,-11.60305344,-0.020750428036540387,0.7684636019993225,3.2265539804285717,4.208405274351445,10.4351145,-7.160305344,-0.1122749499116799,-0.061650495285855644,-7.588058887392857,15.444497030040978,8.79389313,-50.25954198,-1.3226741356874228,0.9899252766769591,0.16993059432142857,0.19627398571258695,0.450439453,-0.252685547,-0.3886243840074319,-0.9492272686881944,-0.19411795485714287,0.18861764066323292,0.061035156,-0.743652344,-1.5493067767268343,1.8394897878654932,-0.9875488281785714,0.10829403491513553,-0.799804688,-1.291992188,-0.694004213004544,0.6804025060337628,2
-0.624863686107143,3.9319148347533925,8.664122137,-11.60305344,-0.24094184636319618,1.2379332616647734,4.232006542857143,3.5799457990421364,11.99236641,-2.167938931,0.22676813657023862,-0.4590531563792508,-5.685932388107142,15.370729766299474,8.79389313,-50.25954198,-1.5274164210949215,1.3506437988027074,0.19393484939285718,0.17569022897078898,0.395019531,-0.252685547,-0.709857399773931,-0.39588876081747904,-0.15844726567857145,0.18439246783395843,0.061035156,-0.743652344,-1.6515101376003254,2.205325706115783,-1.0110996792500002,0.09190919663188454,-0.799804688,-1.217041016,-0.10236477891699589,0.10816792472408032,2
0.1237731733928571,3.943020671206141,9.229007634,-6.900763359,0.3128170627915251,-0.5391287632502717,3.5073609595357143,4.3945252978185625,11.99236641,-9.282442748,-1.1940709496572872,1.8250390549677702,-7.369956379571429,16.09394374872695,5.809160305,-45.94656489,-1.2619180040783502,0.045912191534667635,0.1665562221785714,0.1753639745643599,0.395019531,-0.170654297,-0.5223343102416448,-0.9596400734553572,-0.19742257257142862,0.2192407000082225,0.045654297,-0.793457031,-1.1970919270969615,0.43361715065496176,-1.001177106642857,0.09148035708385203,-0.802490234,-1.217041016,-0.15208604020915498,0.05432677167603117,2
0.5755179934642857,4.643296867991003,9.229007634,-7.366412214,0.19625017176518567,-1.0485978281632276,2.733642311892857,4.429598578775251,8.442748092,-9.282442748,-1.0800858611749908,0.5267872602145354,-10.953380589178574,17.86514826565881,4.221374046,-45.94656489,-0.8636566374320247,-0.8618589072554026,0.12241908485714285,0.17452229891253276,0.388671875,-0.170654297,-0.18946100611888564,-1.2887943981692542,-0.23289271760714286,0.24149734557442148,0.06640625,-0.793457031,-0.7459912752605843,-0.6794158240313166,-0.9704677036785715,0.08261103948199344,-0.802490234,-1.157714844,-0.1451456161898746,0.03924980907633957,2
0.0956924754642858,4.212122405658198,7.511450382,-7.366412214,0.2061788592078187,-0.9810497417652981,3.044983642428572,3.283157597080343,8.442748092,-3.091603053,-0.1466525730298647,-1.0111791629458282,-9.293075245607143,17.761240439809697,3.816793893,-42.9389313,-1.0596658895935045,-0.5194598164617248,0.15338134767857145,0.16037764068046678,0.374267578,-0.137939453,-0.41871613997727897,-1.080636294028213,-0.21689278746428572,0.22349952151705177,0.06640625,-0.782226563,-0.9653175950565328,-0.21521650812678628,-0.9909144810714288,0.09209134246807812,-0.8203125,-1.306152344,-1.2195763438812781,3.233469775478163,2
-0.05970556164285712,3.3017134605751868,5.954198473,-5.870229008,0.14429868069095803,-0.8518053141104804,2.66684841875,4.129621899643548,10.77862595,-5.671755725,-0.2333505054533312,-0.25417215954939243,-6.892584514821429,16.003121941210495,4.664122137,-42.55725191,-1.3972955371954427,0.34759851180026136,0.20029994428571427,0.17585725670368862,0.412353516,-0.160400391,-0.8736609919020869,-0.5027334084542767,-0.20883614689285718,0.2113483581384645,-0.009033203,-0.782226563,-1.3862480489766529,0.6087990210407539,-0.9857526507857142,0.10392139419060363,-0.743896484,-1.306152344,-0.7201368450766348,2.3057602627771026,2
0.7603598691071428,2.9115607413510753,6.549618321,-3.748091603,0.29469750223268015,-0.701157296875976,2.231188658535714,4.468011214093097,10.77862595,-5.671755725,-0.22908617847068571,-0.663274286842928,-7.431570338464285,15.881419031204144,4.717557252,-41.24427481,-1.2338160202078783,-0.13787653219980767,0.2061854772142857,0.17470834703020616,0.422607422,-0.160400391,-0.7377080675025289,-0.6611675683653457,-0.2102137975,0.20684579535471753,0.049316406,-0.609375,-1.0159962534458473,-0.5358647809579424,-0.9605538505357144,0.08360617874281759,-0.743896484,-1.178710938,-0.09615304736464822,1.175837497364208,2
-0.3170665212857142,3.6219473909821756,6.549618321,-7.801526718,-0.12222334401803028,-0.45114477883367554,2.0021810249642855,4.139515540190497,11.61068702,-7.694656489,-0.22229470626044365,0.2948262135210964,-7.364503817178571,15.932915561284911,5.290076336,-41.38931298,-1.243732747464706,-0.08628240907565443,0.21416364403571428,0.14505366183198226,0.422607422,-0.066894531,-0.5463549455590118,-0.6742520274396613,-0.19675118589285714,0.1964132230007207,0.058837891,-0.609375,-0.9061112548845554,-0.5300681319463703,-0.9636666434642857,0.08456822665250106,-0.774902344,-1.228759766,-0.8611901664464064,2.2244973152313197,2
-0.3707742640000001,3.6335518091616303,6.923664122,-7.801526718,0.17432375248258283,-0.019828428307845147,2.69329334775,4.234756756987399,11.61068702,-7.694656489,-0.3144822276281703,0.17822982109328933,-7.1703925842142855,15.40815234232295,5.290076336,-41.38931298,-1.2361650228084775,-0.11244843845018826,0.1958530971785714,0.15568888692045899,0.473388672,-0.120849609,-0.35692528021523334,-0.6076987536190837,-0.1891915458214286,0.17278268383082476,0.058837891,-0.564697266,-1.0358333835922808,-0.07150231553226716,-0.9725777762857143,0.14087338042483802,-0.707763672,-1.367919922,-0.8880249269459265,1.0980656061320078,2
0.03707742632142858,3.296411038007113,6.923664122,-5.839694656,0.5409421642578075,-0.10513216699817773,2.4871864776071426,4.217002346111497,8.816793893,-7.687022901,-0.7428013537327072,-0.2807170162608488,-8.052344601607144,14.117429272809034,2.839694656,-39.45038168,-0.9701418271875081,-0.6165952696377595,0.16316441124999997,0.17842418508182925,0.473388672,-0.130371094,-0.26716824685357027,-0.9685560663441843,-0.19965471546428576,0.14112994675562093,-0.021728516,-0.564697266,-0.9401895197960197,0.008704845682691253,-0.9800153460357144,0.12812297843771825,-0.707763672,-1.367919922,-0.8464424347803703,1.9735010250060476,2
-0.12431842971428579,3.3624397613435515,6.442748092,-5.839694656,0.3604052383643217,-0.5791753711666172,2.3732279170714285,3.8844478131018505,7.419847328,-7.687022901,-0.9793984650018844,0.033997210504976394,-8.553707742642857,13.204738192810503,2.549618321,-34.09160305,-0.7835129260439532,-1.0660859941482843,0.18740408760714286,0.16657546439435067,0.430419922,-0.130371094,-0.4778643854650644,-0.7711239004231691,-0.20478166857142854,0.1476770199201897,-0.010009766,-0.593261719,-0.9966086737794339,0.2528012797185646,-0.9630039760714286,0.05197681474510065,-0.854736328,-1.077392578,0.012620058992750888,-0.3152062946641676,2
-0.9402944384642857,3.64791265076733,5.893129771,-9.335877863,-0.07435041903777785,-0.2869409693395548,4.1101417665,2.983147353478947,11.58015267,-2.267175573,-0.15047015785758985,0.6527105208537005,-7.461014176892858,12.859311331639216,2.34351145,-33.04580153,-0.9408051622838789,-0.9498553067490159,0.22160121382142856,0.1285992881616636,0.430419922,-0.055908203,-0.32792786827111425,-0.5340664638804888,-0.1881365095357143,0.1570668989821321,-0.010009766,-0.593261719,-1.2942678131655994,0.6146231332788745,-0.9715750558928573,0.0706822420552233,-0.872802734,-1.204101563,-1.2160232731231766,2.319615598007422,2
-0.7764449291428571,4.37430155810157,9.648854962,-9.335877863,0.3995449869416641,-0.11747028231500645,4.061886586642857,3.392945287783193,11.58015267,-5.06870229,-0.6536220314019616,1.7618222566955115,-7.808887677142857,12.804516140758215,2.34351145,-32.61832061,-0.9398621042004195,-0.8943817712723559,0.19209507539285717,0.14245539880264044,0.4296875,-0.220703125,-0.874467401825607,0.9224903373915807,-0.19323730482142856,0.16511405206992752,-0.017822266,-0.579101563,-1.3347356859762418,0.35485478983127194,-0.9968784878214286,0.07561645766152666,-0.872802734,-1.204101563,-0.8292505190352463,0.9382940986206867,2
0.18920392589285737,3.4091022512691174,9.648854962,-6.015267176,0.9170051212846272,1.1288654973510992,3.6886586695714283,2.9969523958910798,9.679389313,-5.06870229,-0.9764241957050627,2.850061212624597,-4.035169029178571,10.476126072324593,2.893129771,-32.61832061,-1.9371985869965755,2.158526281444841,0.20095389232142863,0.13284207246859164,0.431396484,-0.220703125,-0.9351037115175361,2.071169423114859,-0.15666852689285712,0.14674034630389535,-0.055908203,-0.579101563,-2.0550191648231926,2.9486077604305088,-0.9914463589642857,0.05334758635946779,-0.891113281,-1.167236328,-0.7778352136376769,2.9399601842862744,2
-1.1030534351071428,2.532389616670816,4.251908397,-9.473282443,-1.0217494287815856,3.2776414922313126,3.4212104688214278,2.9936557473594836,9.41221374,-3.297709924,0.208676889750244,0.22468325073503825,4.695747001285713,11.014992717862215,40.45801527,-1.244274809,2.5002468091568697,4.871880209608108,0.24062674392857147,0.10513599241421817,0.431396484,0.001464844,0.04817977117186797,-0.6697300434310711,-0.03965541300000001,0.196123414133045,0.652099609,-0.209716797,2.4444108421146704,5.326960238159598,-0.9738943917857144,0.06508507102146993,-0.760498047,-1.125488281,1.0657214658064664,3.0618727603618465,3
-2.037622682785714,3.273900509391211,4.251908397,-10.00763359,-0.738197799092239,0.4103737913197585,3.584242093678572,3.6871013267483423,11.58778626,-3.320610687,0.1767933271822462,-0.27166309507790265,9.086150491142856,14.52617606936428,41.01526718,-3.351145038,1.2934638004544752,0.035873864430476576,0.26125662671428573,0.10821591837419658,0.405517578,0.001464844,-0.3890085624873952,-0.7009433012066664,-0.0005841936428571433,0.24559792153964438,0.652099609,-0.269042969,1.3117379162862934,0.6368529496948208,-0.9744698660714287,0.09102601980066859,-0.760498047,-1.148681641,0.15997142226586675,-0.0313807552517269,3
-1.8187022901428571,3.4880386491469486,3.152671756,-10.00763359,-0.9640422303128685,0.19062961841446446,3.8492366411071433,4.629501195090619,14.41221374,-10.35114504,-0.5530880990669232,2.179929943756611,10.458015267178572,14.483465626209707,41.01526718,-5.213740458,0.9740452874057347,-0.5726807699093053,0.27191162103571426,0.09122106984223134,0.405517578,0.111083984,-0.08431880579218587,-1.2773619258370685,0.024597168000000003,0.25651140321284693,0.500732422,-0.269042969,0.8781455544160921,-0.7748201697766959,-0.967642648,0.08759957254786103,-0.793945313,-1.148681641,-0.051926290897338634,-0.25847233178411155,3
-1.8639585604642854,3.2223728455503693,3.442748092,-9.847328244,-0.5915577894340004,0.031475844187372815,3.7529989095357137,4.733256346281451,14.41221374,-10.35114504,-0.5652595097601668,2.3357599113050895,9.885223554607142,14.28732712142994,40.33587786,-5.213740458,1.0456561481083384,-0.3729652938761219,0.2576555525,0.10094516889986788,0.437011719,0.060791016,-0.33876547322206835,-0.8145697605211648,0.032322474892857146,0.24982487182647842,0.500732422,-0.215576172,0.9299424766581709,-0.8050435689256443,-0.9607282366785714,0.06687395902932664,-0.793945313,-1.092529297,0.8008903180220326,0.6126999150825982,3
-1.8034351144642857,3.0907764944886655,3.442748092,-9.106870229,-0.4265258357725244,-0.330347745768655,4.655670665178571,3.33118457865277,13.15267176,-5.671755725,-0.5195231871767078,2.9876558481574955,8.000545255892856,13.751948502769896,40.33587786,-1.557251908,1.4799106732649416,0.657656211460572,0.2775355749285714,0.09599929286542032,0.444824219,0.060791016,-0.45957315776766805,-0.032570274955582956,0.00085449221428571,0.2265496135063463,0.593261719,-0.193359375,1.4403859649606634,0.6650581287373418,-0.980678013357143,0.08753766336773502,-0.818359375,-1.328613281,-2.035657396865846,7.226330878004035,3
-2.3143402395714285,4.025958911789659,3.0,-12.64122137,-1.038626933580489,0.33946197801348177,4.8906761177142855,2.2534648169906313,10.29770992,-1.435114504,-0.1571782180384884,1.267366690411496,8.27480916,13.34431043307964,39.41984733,-1.870229008,1.3960303345963607,0.42343681788802856,0.2771344867142857,0.08050653297530948,0.444824219,0.158203125,0.2662649952984482,-1.0330471006389987,0.003365652892857146,0.233647045876861,0.593261719,-0.219238281,1.481462703108329,0.7844054196912258,-0.984313964857143,0.10209571481879712,-0.780761719,-1.328613281,-1.07250622712475,3.101315537508725,3
-2.7881679385714295,3.8237785250655807,2.099236641,-12.64122137,-1.007350986140011,0.3351895998837775,4.75654307532143,2.6641706129882947,9.160305344,-3.801526718,-1.0607611491905309,2.2539228113783762,8.529989094571429,13.831359608553546,42.92366412,-1.877862595,1.5221647423873585,0.8217872811205926,0.2677263532857143,0.10148790323109513,0.440185547,0.050537109,-0.056516226761113744,-0.9518100156968168,-0.0062168666071428565,0.2214150586069902,0.514892578,-0.291015625,1.3677866812813966,0.7040987850108551,-0.9818202428214287,0.1354864132929469,-0.661621094,-1.252685547,0.45815644699140173,0.04395480836612631,3
-2.5040894220357144,2.9441596254106392,2.496183206,-9.099236641,-0.43660711141926223,-0.5465651496255979,4.581243184535715,3.4663946437866358,11.70229008,-3.801526718,-0.19502846721777303,0.22604132510597674,8.338058887357143,14.089611712779691,42.92366412,-2.511450382,1.5589879295591624,0.9711921382890321,0.26584298275,0.12145846995011225,0.440185547,-0.004150391,-0.44943077583873237,-0.7520651566569754,-0.017177036785714285,0.21071084297505716,0.461181641,-0.291015625,1.170069479248209,0.17237447706575848,-0.9984305246071429,0.13630073749449761,-0.661621094,-1.252685547,0.6128787133952912,0.2912810415010809,3
-2.099509269357143,2.5459211477729538,2.496183206,-7.419847328,-0.42769210695522414,-0.45207951671597923,4.1799345695714285,3.444369418928231,11.70229008,-1.816793893,0.25047808264595467,-0.307502073597719,9.438931297535712,13.849283260629537,41.00763359,-4.022900763,1.135692014505782,-0.033004022261064137,0.25107247492857143,0.11813009962174316,0.412597656,-0.014648438,-0.764237209700328,-0.30118317650065274,0.011047363249999997,0.2281781138575682,0.526611328,-0.229736328,0.731007520169219,-0.854150281377438,-0.9973144531428569,0.09737875618234998,-0.783691406,-1.161865234,0.2547143186523884,-0.4281069813092975,3
-1.8009814612857142,3.130603838072891,5.648854962,-9.893129771,-0.40229349760242994,0.6310728853217435,3.223555071,3.4654370268109167,8.916030534,-3.732824427,-0.35909873575649703,-0.7906812337841695,10.433206106892857,13.3324492950184,41.00763359,-4.022900763,1.052315115868592,-0.10642107393900657,0.23292759489285716,0.12124899001048521,0.385009766,-0.060058594,-0.903717134729218,0.020827829158601485,0.03732735767857143,0.22796048856726855,0.526611328,-0.229492188,0.7314185915229634,-0.689010551058824,-0.9668753487857142,0.11232072758246192,-0.713623047,-1.181396484,0.004246558708695746,-0.38521035236639856,3
-2.398854961642857,4.984903895874797,5.648854962,-14.29770992,-0.9199059859083261,0.20608132303935411,3.0084514722857136,3.0536594060609454,7.801526718,-3.732824427,-0.551403240028359,-0.5891200953121962,9.755997819178571,13.569912525319083,45.44274809,-0.13740458,1.4098829666194699,0.6691209075516644,0.21805245539285717,0.11902243751397652,0.443115234,-0.060058594,-0.27964318545006395,-0.2421485980796967,0.017377580928571428,0.21547905653706867,0.490966797,-0.22265625,0.9627184195815333,-0.35946945271750597,-0.9539010184285713,0.10817232994447899,-0.713623047,-1.181396484,-0.3227855599505198,0.08021193295637863,3
-2.7898037075714277,5.184739418501475,4.58778626,-14.29770992,-0.9069759523235069,-0.2746748431623587,4.204471101535715,3.579293455482464,14.32061069,-0.687022901,0.8984434556305106,0.8162847125874819,10.28653217042857,14.493265284401627,45.44274809,-2.114503817,1.1942984806813808,0.017007903127930657,0.23543875567857145,0.12705012185196382,0.462890625,-0.009521484,0.07671879195063928,-0.9576526770548095,0.02913120817857143,0.22314274125323696,0.444335938,-0.223632813,0.6086373104194667,-1.0953323928588246,-0.9762834821785714,0.09221103550038308,-0.806884766,-1.145751953,-0.0948273921400139,-0.7252058900223259,3
-1.74809160325,4.14669696099082,6.312977099,-12.24427481,-0.9386360850329521,0.6767842323581696,4.418484187607143,3.654511034287356,14.32061069,-1.114503817,0.7527651115416139,0.5439807304411919,11.156215921892855,14.436386934466286,42.96946565,-2.114503817,0.9029671445367302,-0.6115017012392792,0.2388654437142857,0.11851278301128654,0.462890625,-0.009521484,-0.08640132384944986,-0.7691049623615518,0.023742675785714287,0.21329209371648877,0.444335938,-0.223632813,0.6134391891923946,-1.0873057927478604,-0.99138532375,0.09266943763608786,-0.806884766,-1.202148438,0.05569057792497094,-0.009582555500586842,3
-1.1513086152142855,3.4723922429491916,6.312977099,-10.66412214,-1.0256850488377076,1.5330970139594085,4.6360414395,3.0058334036264998,12.93129771,-1.114503817,0.6146881241053201,0.8888684446673341,9.52344602007143,13.474382853943581,43.48854962,-1.519083969,1.3676155478170657,0.5702411461679717,0.21781703414285716,0.13777062884869926,0.419433594,-0.150878906,-1.0857493705094674,1.211970613148166,0.006487165107142852,0.21619181342092453,0.607177734,-0.236816406,1.238447906900625,0.6619570201249196,-0.9791259766428572,0.10443514034779554,-0.8125,-1.286376953,-0.9754748147099198,1.486468190582558,3
-1.7693565976428574,3.33687718760626,2.839694656,-8.786259542,-0.6736329168814867,-0.5843771749150877,5.6556706655,4.046183102596798,16.79389313,-2.0,0.6748016600248538,0.6245826336331013,9.988004362499998,13.45807058252862,43.48854962,-1.305343511,1.2272834738523997,0.23391359464049355,0.24308558882142858,0.15244132946501857,0.441162109,-0.150878906,-1.2602169182706986,1.2189842995002547,0.0516183035,0.26793302411320785,0.768554688,-0.236816406,1.1574407419273787,0.43558726198719455,-0.9923444476785716,0.12115074683264816,-0.8125,-1.286376953,-0.8189188319481274,-0.07990445417131298,3
-2.0774263904285712,3.2911960361011707,3.557251908,-9.34351145,-0.2770967341578648,-0.40155857621127344,5.563249727571429,3.916146740812313,16.79389313,-2.0,0.4483701700780348,0.9367224343929692,11.028898583035714,13.370309553527782,40.48091603,-1.305343511,1.0158451075933976,-0.38788280519496565,0.2587280273214286,0.11230733388279811,0.441162109,-0.063476563,-0.5673725762989723,0.7360040795960963,0.056169782392857144,0.24178428258376633,0.768554688,-0.219482422,1.1575976084308144,0.9260599891608057,-0.9846278600714283,0.10575028476089535,-0.833496094,-1.230712891,-0.7551494640386762,-0.18746743207787642,3
-3.2753544167857136,4.2903464407366325,3.557251908,-14.94656489,-0.905113337586581,0.6022293133263896,4.926117775500002,3.307235568302077,11.80916031,-1.061068702,-0.15600141887875632,-0.6659651991222799,10.356597601321429,13.222555149020586,39.96946565,-2.854961832,1.1844586809630213,-0.03406706531370496,0.2688337053214286,0.10851864317014788,0.507080078,0.104003906,0.34526533340192167,-0.922277881989765,0.04248918817857144,0.17947715073849924,0.380371094,-0.218505859,0.552654824252982,-0.861335404818893,-0.9418945313214285,0.11242376579874665,-0.699951172,-1.263916016,-0.36588822725431286,1.2450919340491886,3
-3.5687022901071432,4.68154638503745,2.06870229,-14.94656489,-1.0455941932567359,0.2594161797832464,3.769901853964286,4.681810170836843,11.80916031,-10.32061069,-0.941221338686307,1.3745439376459405,11.41303162435714,15.281244483803913,43.34351145,-2.854961832,0.988926746402625,-0.5685141849165865,0.27611432764285715,0.10090549643128613,0.507080078,0.057861328,0.23366924948155632,-0.1389280241159101,0.07468087335714287,0.2488078049932056,0.623291016,-0.230712891,0.8385364163473089,-0.42243993476806585,-0.9616088867857143,0.1386909393010751,-0.699951172,-1.263916016,-0.3277438559517687,-0.41586301537315373,3
-2.2690839692857145,3.960660197243126,4.320610687,-14.36641221,-0.916008959604772,1.5563469424593173,3.3184296618928575,4.418353542044136,9.244274809,-10.32061069,-1.1761623529740326,1.6494780247951724,11.186477643714287,15.892825100922229,43.34351145,-1.961832061,0.9673728452288882,-0.7608797832522631,0.26264299671428576,0.08811071293649556,0.438476563,0.057861328,-0.08768973557639638,-0.317306868695034,0.06889997203571428,0.26377651301515725,0.623291016,-0.230712891,0.8623000546521724,-0.696923079252822,-1.0038539342142856,0.13532756845234797,-0.763427734,-1.337646484,-0.4133716053302389,-0.20583532548655015,3
-2.1682115593928573,3.59426473835551,4.320610687,-11.3740458,-0.3229638691222011,0.25562022226147585,4.154307524321428,3.42668419023154,12.82442748,-2.595419847,0.38989599679763043,0.27090745049159803,10.766630316178572,14.97977284700089,38.97709924,-1.946564885,0.9538705812032173,-0.835095548930636,0.32284981867857143,0.09560855780364137,0.529296875,0.141357422,-0.16286481552373294,-0.2929851451940655,0.023097446928571425,0.22353044536500594,0.444824219,-0.217285156,0.7462362663396472,-1.083669708870461,-1.0172816685357142,0.13681122983725835,-0.754882813,-1.337646484,-0.18224094163421806,0.002943914531393421,3
-1.7350054525,3.3952926038712112,4.694656489,-11.3740458,-0.777181215028326,0.8803733779000322,3.7944383858571435,3.326302193358979,12.82442748,-1.885496183,0.6021679653332894,0.6094578241973401,6.220010905285714,11.864737873408547,38.97709924,-0.801526718,1.9217757737297358,2.143163060652901,0.35059465696428566,0.09285051405031176,0.553710938,0.177734375,0.38702920753607883,-0.42474452189208334,-0.09352329807142858,0.18941864169651934,0.39453125,-0.316650391,1.6144413360936571,1.3346319457652651,-0.9991716657857143,0.11089092528642083,-0.754882813,-1.261474609,-0.11358554234996815,0.018208838200182154,3
-0.086695747,2.9336161832484184,5.351145038,-7.541984733,-0.2711511934046079,0.34770609671507735,3.6316793894285717,2.7528511111984435,9.572519084,-1.885496183,-0.20291436317975528,-0.23244291469304557,1.082878953142857,1.6947312617735266,5.763358779,-1.961832061,0.7471602714209616,0.7221537844763715,0.3105817523928572,0.11112952840788429,0.553710938,0.082275391,-0.02546001819767782,-0.21181983269157634,-0.15066964289285714,0.07674490823445293,0.079589844,-0.316650391,0.7972829980668829,1.8444355004584176,-0.9705810547857142,0.08275404218441766,-0.834960938,-1.130371094,-0.027549798781288586,-0.736643640752654,3
-0.11477644496428566,2.6996248188544776,5.351145038,-7.618320611,-0.4035191648480484,1.215313449866584,3.950381679464286,2.4379480865792975,9.938931298,-0.603053435,0.6188618833853811,0.6828588198580379,0.947655398107143,1.5209528063926643,5.763358779,-1.961832061,0.7228653103095638,2.094927227701687,0.2555629186428572,0.11590071939193583,0.544433594,0.082275391,0.6394361681112783,-0.24236849588603127,-0.09874616353571429,0.06999686652881384,0.079589844,-0.234130859,0.2148679192215505,-0.08730502096431092,-0.9413800921071428,0.0959961420511912,-0.707519531,-1.122558594,0.6535242564245647,0.08468888555216081,3
-0.7279171210714285,1.6066819662011484,2.061068702,-7.618320611,-2.5687767765374265,10.671372089459346,3.8939476553928567,1.8598429995442967,9.938931298,-0.603053435,0.6009889581235647,3.5035074906390946,0.7791712104285714,0.7180651615782672,2.160305344,-1.419847328,-1.173587981530658,2.049261084939684,0.23453194760714285,0.11086862412341934,0.544433594,0.087646484,1.4785759258333493,1.055563148641376,-0.08567592075,0.05419237260033458,-0.03125,-0.234130859,-1.1057540243420876,0.2128327703747539,-0.9541015625714288,0.08135492237170575,-0.707519531,-1.013916016,1.9523052179183709,2.5976112700298373,3
-0.26635768832142864,2.706069356744639,10.46564885,-5.65648855,2.0767755983103533,7.356833618339953,4.199836423071429,1.9343567165581979,7.564885496,-2.328244275,-1.0511771572605546,3.0658027811423745,0.8225190838571429,0.7867346105794458,2.244274809,-1.79389313,-1.9913590519422097,4.962046541650072,0.22999790739285714,0.1500025544020002,0.461425781,-0.016113281,0.0639147139287701,-1.1341588213340872,-0.07146344860714285,0.06768651296463853,0.111572266,-0.172363281,0.5903378017210174,0.3182498340615525,-0.9815848214285713,0.0464470925447705,-0.858886719,-1.056884766,0.9830554191101476,0.9787667113588503,3
-0.10032715396428571,2.780759334591726,10.46564885,-5.65648855,1.7366988646281565,5.871311897040101,4.5995092693214294,2.020760500548108,7.564885496,-2.328244275,-1.3280532706625567,3.1426773014826184,0.6376772082142856,0.9641572080942652,2.244274809,-1.938931298,-1.3729500779363748,1.8744694922370089,0.11871337900000001,0.15510522061179766,0.451904297,-0.025390625,1.1165932296771905,-0.3436256973762002,-0.007481166285714285,0.08674486916602578,0.122802734,-0.172363281,-0.4537929550779718,-0.9156339060206666,-0.9885341098928573,0.06131441036016007,-0.858886719,-1.101318359,0.22110415783864465,-0.4088992492380936,4
-0.3800436204285714,1.349073095851001,2.893129771,-3.106870229,0.25555736752162683,0.4173365891732468,4.745092693607143,1.5612442231970909,7.541984733,0.351145038,-0.5288909300050372,0.9276908557293111,0.7249182115357142,0.7135956247984337,1.893129771,-1.938931298,-1.6067763610748107,5.160995155199364,0.04298618867857144,0.07122353581571989,0.297607422,-0.060791016,1.6243814474776719,3.9336322919118913,0.04048374725,0.04887232402746563,0.122802734,-0.095947266,-0.916858692365516,0.854269481969721,-1.0016305106428571,0.050437483219642275,-0.897949219,-1.101318359,-0.3600577644258055,-0.3975166210578478,4
-0.8655943293928573,2.8783783846044093,2.893129771,-13.35877863,-2.9479031232453923,10.918373301465412,4.693838604142856,3.4746037554470033,10.13740458,-8.679389313,-1.9216404979273274,6.053458436683007,1.3298800436071427,1.668120049747549,9.335877863,0.053435115,4.134406640766505,17.43388556344982,0.09611293246428572,0.14730411273692623,0.658447266,-0.060791016,2.359054668522344,6.117703511481517,0.022818429142857144,0.07356073076916742,0.108886719,-0.251708984,-1.9560355766596966,5.048080858481288,-1.0038277762857144,0.06824800181819712,-0.846679688,-1.224853516,-0.8216207369203635,2.753038474570551,4
-0.7001090513571427,3.026674405175645,5.160305344,-13.35877863,-2.4583556472698187,9.420974035850392,5.2679934567142865,3.7595930550262424,12.98473282,-8.679389313,-1.4977950387238606,5.263343131161118,1.4994547436785712,1.6981251496076792,9.335877863,0.251908397,3.7033932235261084,14.520810522303503,0.20083182200000005,0.24865241434089866,0.680664063,-0.025634766,1.0147947741112278,-0.6745726496775086,-0.031808035750000005,0.14424506461604725,0.131347656,-0.348632813,-1.071770695233701,-0.19160776460794438,-1.007106236142857,0.07338101531630827,-0.846679688,-1.224853516,-0.4861770751978195,1.3239741919194152,4
-0.4621046892142857,1.9424415765344076,5.160305344,-3.65648855,0.7553288938682864,1.0517206383824451,5.647491821000001,2.21284340572059,12.98473282,2.145038168,1.0025796214894134,2.5901627210075944,1.139858233357143,0.7665527006087535,3.213740458,0.114503817,0.979177018161562,0.5025047883736922,0.27709089007142856,0.28110511787565035,0.680664063,-0.025634766,0.22699582973496613,-1.7998705485849635,-0.07146344864285714,0.16729931315112484,0.144042969,-0.348632813,-0.3914937031565923,-1.4382665808700432,-1.013000488357143,0.07453691497261528,-0.912353516,-1.270751953,-1.4284536237597232,3.1090955326228435,4
-0.5539803707857143,2.165731183184482,5.160305344,-3.65648855,0.9725390025618725,0.9113376567593727,5.2925299890714275,1.6491207201023461,8.580152672,2.145038168,-0.04027597979026683,-0.6739667235561191,1.1284078517142857,0.5419909190933797,2.389312977,0.114503817,0.20537456863963482,-0.3929175340689288,0.2998744420357143,0.27650433564388877,0.66015625,-0.033691406,0.07522430576018443,-1.821651620911575,-0.07948521207142857,0.15062051910150112,0.144042969,-0.325927734,-0.07391750798325389,-1.5697601537648433,-1.0239432198928573,0.08857995316369129,-0.904785156,-1.270751953,-1.3503277954930515,1.5109953261179534,4
0.1657579062857144,2.8282454058739854,5.679389313,-4.480916031,0.5417925951848239,-0.5781896643673119,4.800436205035714,1.959869838840504,9.480916031,0.671755725,0.35931386073756705,0.12714342850548555,1.0362595419642857,0.4720067488474347,1.877862595,-0.404580153,-0.9340338973681299,1.3745490941324467,0.3409772601071429,0.2707519589614236,0.678955078,-0.033691406,0.012966251233324287,-1.7943706092830285,-0.1061314175,0.1494725871453502,0.117431641,-0.326416016,0.060601746921055806,-1.515664569519073,-1.0124947684285712,0.07739299319935809,-0.879150391,-1.245849609,-0.9504414717872004,1.6162387663603326,4
0.3565976008571429,2.552158923693273,5.679389313,-4.480916031,0.17542902660231516,-0.24311634440290497,5.106597600964285,2.021239983911015,9.480916031,0.671755725,0.033616859557940464,-0.25355739315629977,0.800708833142857,0.8306899896618339,2.076335878,-1.916030534,-1.7694847900118973,3.300388494994378,0.36510358532142856,0.29204554766094504,0.706787109,-0.079589844,-0.18780876836374802,-1.7726116593145482,-0.12872314464285714,0.18256201462723054,0.199951172,-0.374023438,0.20012482766556056,-1.4627977329416726,-0.9951346262142858,0.06610811502018588,-0.818603516,-1.072021484,0.9406632331787756,0.13114621959564454,4
-0.5267175572499999,2.4610794358997046,5.312977099,-5.877862595,-0.1368778475075821,0.1156263689554966,4.885768811428571,1.987443487353826,8.65648855,0.290076336,-0.11888533976469182,-0.20851273983179697,0.6567611777857144,0.9312084434804992,2.076335878,-1.916030534,-1.1423494288106821,1.0265962313317187,0.3469587053214286,0.30312910848691127,0.732177734,-0.079589844,-0.10479972243585856,-1.7934754771892831,-0.12674386167857143,0.1975744616296693,0.199951172,-0.374023438,0.16823375857879816,-1.7043317568491494,-1.000427246214286,0.07166615568633752,-0.818603516,-1.115478516,1.155968618143974,0.8670087405081253,4
-1.464285714142857,2.4908052427850005,5.312977099,-5.877862595,0.27576405604139037,0.3848327395935338,4.285441657571428,1.6800463147387714,8.65648855,0.290076336,0.20710387999706173,0.8589732439429398,1.153762268357143,2.1449156311535775,11.6259542,-1.145038168,4.3101030895693375,18.898498645134165,0.32903180814285715,0.2733828038303137,0.747802734,-0.029052734,0.19278648656495306,-1.6468709808225093,-0.11578369139285714,0.1930421410319264,0.117675781,-0.410644531,-0.17255060850684972,-1.7196962963361473,-0.9901994978214285,0.06174370684075008,-0.822265625,-1.115478516,0.5044355013739354,0.5179700264061906,4
-1.1660305342142858,2.4595317050113263,4.641221374,-5.847328244,0.29070307643359555,0.36596642765875353,4.939476553964285,1.5194596049382048,8.770992366,2.526717557,0.7585241415897094,0.2124573816779347,1.4727371865714287,2.0709351679953842,11.6259542,0.328244275,4.436451872212842,19.222026754757916,0.35378592364285716,0.2559698023017793,0.747802734,0.0,-0.023661411400210663,-1.5395771020599485,-0.14117431646428572,0.1871435241425657,0.117675781,-0.450195313,-0.21822995665889108,-1.4128775775025895,-0.9823259626071428,0.04257522041653219,-0.892822266,-1.058837891,0.1862233649732691,-0.8813260622429442,4
-0.002726281357142848,2.2211221184942236,4.641221374,-5.717557252,-0.1079196772293791,0.4976144545900172,5.209378407892857,1.5601629625887221,9.442748092,2.541984733,1.1665938251475438,1.0864167905764113,1.4711014176785713,0.868329343219134,3.847328244,0.34351145,1.0316576137849387,0.49536110485678053,0.35684640075,0.2563713218312553,0.709228516,-0.020507813,-0.27211935190391456,-1.4872314372196587,-0.14263916028571427,0.1741666969551048,0.168457031,-0.450195313,-0.017819230992718954,-1.1568711457240248,-0.9845493861785715,0.05400212468285819,-0.848144531,-1.119140625,0.06853807496737842,0.624062361095945,4
0.01717557249999997,1.818890108754476,5.633587786,-2.557251908,1.1053330500924028,1.5435842290740318,4.781624863678571,1.5385396665575695,9.442748092,0.702290076,0.4547546071266509,2.7630845522322245,1.1908396946071431,0.9734412550451298,3.847328244,-0.58778626,0.6484775806362093,0.5347248765720773,0.30481828971428565,0.25686509520741874,0.709228516,-0.020507813,0.10614474545959662,-1.6147291895662939,-0.09603445875000001,0.17311954692200618,0.168457031,-0.376464844,-0.0658386693930432,-1.4587407452069197,-0.9803379604285715,0.07217990135483515,-0.848144531,-1.169677734,-0.3881331483361307,0.542687104692182,4
-0.5907851690000001,2.01263776168085,5.633587786,-4.694656489,1.2625372846667364,2.7308120918347427,4.391221374,1.7297467434504807,7.809160305,0.702290076,-0.04623470321457665,-0.20610628973782452,0.8217011995714286,0.6541047722101948,2.664122137,-0.58778626,0.4625565077907387,1.1564984697304013,0.29814801903571425,0.25671839021892723,0.674804688,-0.021728516,0.13461768921304715,-1.6330534071311043,-0.08153424946428571,0.177861734176138,0.165527344,-0.361572266,-0.12148833640004253,-1.4600427188654006,-0.9860927036785715,0.06443272464132581,-0.854248047,-1.169677734,-0.43483299162585587,1.1588222164265352,4
-0.6237731733571429,1.5535510930973917,4.305343511,-4.694656489,0.5441155390871815,3.1574681334823698,4.462649945428571,1.5253645959900455,7.809160305,1.442748092,0.04388561208695176,-0.1858970328790721,1.2047437296428574,0.7940699591180034,3.763358779,0.229007634,1.7116814050849465,2.575724156145463,0.2931256976071429,0.2635019533678146,0.674804688,-0.045410156,0.148623346728949,-1.6988225701251467,-0.08326939171428571,0.17961391759524295,0.165527344,-0.361572266,-0.1985918561653325,-1.4553625117211482,-0.9981427874285715,0.046348694256304585,-0.916748047,-1.113769531,-0.7116683335718612,0.1384861365130825,4
-0.1430238725357143,1.8539878862088612,4.437712471,-4.354515819,0.8586796874313714,1.4802675237179805,3.7218700078571425,2.335066924780229,6.648854962,-4.469175652,-1.8123739285999174,3.603590374432393,3.356565339785714,3.8058723811573945,10.02066038,0.045801527,1.0477767986864885,-0.7531937287541504,0.21560438403571427,0.22730944903212363,0.631591797,-0.070317643,0.6862708400538274,-1.0313334215938783,-0.08261354710714286,0.15656920046637046,0.144775391,-0.431152344,-0.6389951302336032,-0.5997720054097755,-6.465451257035714,49.46932006998484,144.899836,-153.8770156,-0.840604869336828,6.1297939054805735,4
-0.8968224966785714,3.05045621912667,4.437712471,-6.4480139,-0.04348624550913376,-0.6406732701029205,0.37566636064285724,3.3613116726841534,5.396946565,-6.123895724,-0.152682313557594,-0.9493973492233367,7.5631869386428585,3.987431939434722,10.14550863,0.045801527,-1.1572971431803614,-0.6212995682080868,0.0875439627142857,0.1655391599741694,0.472900391,-0.160644632,1.0633026670200325,0.3664157089629514,-0.014382474250000004,0.1329203774082908,0.20883747,-0.431152344,-0.9940419353521857,1.785854919671345,24.18554578328571,79.37988135900147,156.3278187,-153.8770156,0.015494583858214422,0.19065200934087656,4
-0.5502945298571428,3.0513076835798465,5.542560044,-6.4480139,-0.16984064707171384,-0.2852936647808213,-1.4237197248928573,2.9338164945027847,4.924027019,-6.123895724,0.32740095632730054,-0.7801683218412516,9.867167142892855,0.15437633396859543,10.14550863,9.554846867,-0.038518431061911274,-0.5643384532544298,0.008563768357142853,0.10091735752229683,0.307888081,-0.160644632,0.8170160125820439,1.267050836287157,0.029879089357142858,0.11992648317818407,0.385273149,-0.18048821,0.8670652449074463,0.930951747860957,45.95712946610713,103.93066104695302,156.3278187,-154.8943944,-0.5480824828088394,-0.8493063115346446,2
0.3423361418214285,3.0342943248246192,5.542560044,-6.070084766,-0.411192167583215,-0.05707343153123867,-0.2129967103928572,3.3487308744488558,6.573359803,-5.002529365,0.20491468787844247,-0.9300951246882101,9.830135952035715,0.1977786453794064,10.14719276,9.448252103,-0.4012060765974672,-0.7901136489446605,0.0063698473571428575,0.10199411090441805,0.272016917,-0.199820068,0.4083952094659354,0.3916750449823927,-0.005619014107142857,0.12341574679435766,0.385273149,-0.18048821,1.3134995346760603,1.952945901601181,6.133199674392853,116.40972066211668,161.4375404,-163.7931923,-0.05048369381162892,-1.3177556512609379,2
-0.5501517468928572,3.251614682182659,4.765863043,-6.070084766,-0.19360370148749464,-0.754001649771114,0.2986853036071429,3.274872787615798,6.573359803,-5.713134529,0.10846844950087414,-0.8395648204003452,9.819240843321428,0.21936831752101715,10.22845407,9.431825154,-0.20193107944466676,-0.7829224279322866,-0.0012950086071428556,0.106791546335574,0.272016917,-0.199820068,0.5304588653659559,-0.05957543713791891,0.006492929892857142,0.09402795466700806,0.229889812,-0.162754244,0.18117079487876372,-0.37553211043735235,-10.094568391321427,113.41730578388312,161.4375404,-163.7931923,0.11996008510739814,-1.2020694552165825,3
0.12401281814285718,3.3338133119583353,6.852278185,-5.700120815,0.08306459185295531,-0.35136700690997325,0.43616201749999994,3.2026290403950104,5.752270443,-5.713134529,-0.06686948213746449,-0.8411167186401416,9.854593677250003,0.18947503154479245,10.22845407,9.431825154,-0.024416892064631292,0.1632089383260391,0.014465101964285717,0.09177730711004096,0.181244856,-0.128299222,0.16412321075316985,-1.0900203106163673,0.04564587553571429,0.07458444025986993,0.190941664,-0.114300491,-0.3575969467655964,-0.18937840064524325,-14.666047977214282,114.00988576108664,150.7156624,-156.1278869,0.19610629978357694,-1.2820660715351164,3
0.5500374369642856,3.7436761899421054,6.852278185,-6.280304399,-0.12109923744359803,-0.907192023674102,0.5612767455357144,2.806246440709084,5.848956095,-4.898414671,0.21038845923068078,-0.385944543478161,9.81073484132143,0.1906631094216197,10.21505217,9.478503353,0.2529561820324011,-0.5357092968705861,-0.0059742939642857176,0.09694057054021635,0.181244856,-0.284854262,-0.707200208558424,0.9873650452518743,0.0283141435,0.08388529129864651,0.190941664,-0.202514259,-0.5006861566719172,0.6672015243092568,-13.49575393914286,102.81320560211618,170.754008,-165.1574411,0.21171220405491997,-0.7107084511057096,1
1.04688235875,3.667567583401528,6.579212816,-6.280304399,-0.23227845818422374,-1.0285620364751138,0.9389325551428573,2.6009872613208094,5.848956095,-3.849606214,0.3322033161311912,-0.4671126281867988,9.775715943857142,0.18218048042943485,10.17723718,9.507125024,0.6321815538710297,-0.4410414535839813,-0.008391741642857142,0.1002001268306798,0.186577451,-0.284854262,-0.636809096334891,0.6496484013514534,-0.0033120905000000003,0.08992354901998648,0.191403135,-0.202514259,0.0010783860537972856,-0.2221772655144041,-25.50699283207143,93.94441940796374,170.754008,-165.1574411,0.19023209593118753,-0.2561004122135224,1
1.0918627468928572,3.2914713041503476,6.579212816,-5.045586016,-0.057486984963571026,-0.9899468208592364,1.106462230607143,2.706190097551241,5.246085192,-4.108760148,-0.047826043618251865,-0.7623851071717711,9.803764871714284,0.2136040311144448,10.21214958,9.416245757,0.24769339856151906,-0.7353072862361758,0.022646429714285717,0.0939698704800896,0.256008454,-0.135168461,0.2722412356890753,-0.006657327770588584,0.006336907892857138,0.10207459611155588,0.240341559,-0.166940528,0.4270466423054276,-0.39121916631788745,-35.27968017096429,96.68971608865668,162.0121392,-157.3093004,0.3467834529815007,-0.5065689109161546,1
0.19890534146428576,3.883410194357551,6.057122226,-6.359856141,-0.042720045965295377,-1.1877774008801643,0.49593341264285706,2.5007264159386833,4.593101258,-4.599392645,-0.19085393254111535,-0.23596545222754894,9.757470776714287,0.24087679270930126,10.23809113,9.383614118,0.31236280931634774,-0.6958500365553766,-0.011437389892857143,0.09097088827852229,0.256008454,-0.173971378,0.6040295626026378,0.9651956368223322,0.007104584142857144,0.11329081476124366,0.245530014,-0.166940528,0.3752593282818724,-0.5014256759321625,-14.677839029357143,94.38181405370526,162.0121392,-157.3093004,0.13787930903661766,-0.3553763929718339,1
0.18195661832142845,4.254240283895114,6.523029856,-6.359856141,-0.001765188103193308,-1.3496171733256015,0.18305551810714274,2.40105629690524,4.710959968,-4.839721842,-0.09249334842834986,0.34147025972225586,9.750001638285715,0.22220158197027617,10.23809113,9.383614118,0.2922486467637865,-0.5710553705643955,-0.002982257357142856,0.09630583798695715,0.263238206,-0.173971378,0.6087531997016206,0.6318542337768265,0.02027780242857143,0.11299048517871625,0.245530014,-0.24716445,-0.34963173319208096,-0.08095783648472255,-4.671100841035714,86.9037419785525,160.3753994,-155.7074629,0.0415107706623898,0.14196613589141727,1
0.18578996164285697,3.7276341889517988,6.523029856,-6.026515299,-0.03068402488659218,-0.8437163249910822,-0.5031540005357142,2.7637024552004203,4.710959968,-4.839721842,0.12736118225230364,-0.5564344184837924,9.794044662500001,0.1986255168147214,10.29264842,9.459483279,0.37362446606544175,0.062469864365701344,0.002124352892857143,0.11097264285095512,0.263238206,-0.15565819,0.4686649198624252,-0.49714238611885087,0.011691150821428574,0.09576742163543205,0.214394409,-0.24716445,-0.4995955421964839,0.43571202312835977,17.230815034999996,103.70419916874624,172.7069286,-155.7074629,-0.08786571864479402,-0.8037370532692081,1
-0.42241471685714277,3.737929457919383,5.767434729,-7.198805957,-0.1842525417622762,-0.6133297104159987,-1.0033823490357143,2.629980389429493,3.975874913,-4.827230944,0.12457050413891071,-1.0580568493673204,9.805757205928572,0.1973505077013055,10.29264842,9.459323512,0.20528722452875273,0.09797506436916148,-0.002144252499999999,0.10365766558063111,0.207674798,-0.15565819,0.42118315994258054,-0.7093997381683121,-0.01808883582142857,0.08666929371409977,0.176545424,-0.186726519,0.2736385304335612,-0.5942176676906206,38.39713356946429,105.375792082665,172.7069286,-155.3086877,-0.337081916765218,-0.902458583588337,2
-1.1199563440357143,3.5089626603367283,5.34361829,-7.198805957,-0.0680751012509421,-0.736994720029347,0.02890762535714277,2.8248265467210296,5.271555095,-4.288658639,0.13373927208699715,-0.9330543731691221,9.799953707392858,0.1885675199695065,10.15095884,9.459323512,-0.1499145941776558,-0.8529027530463997,0.019287336964285716,0.08082594540687113,0.207674798,-0.138279973,0.24216487665389066,-0.08402063745046595,-0.038127706964285725,0.09438157934933566,0.176545424,-0.289625538,-0.24975776301563837,0.7422504530913407,8.189644118035714,110.16659843436226,161.6778206,-158.1693567,0.009871043580452274,-1.1214658676992864,4
